,,,Before,,,,,,,,,,,After,,,,
,,,,,,,,,,,,,,,,,,
========== RoomId : 0 MemoryPooling before BENCHMARK SUMMARY ==========,,,,,,,,,,,========== RoomId : 0 MemoryPooling After BENCHMARK SUMMARY ==========,,,,,,,
Name,Samples,Avg,Min,Max,p01,p99,StdDev,,,,Name,Samples,Avg,Min,Max,p01,p99,StdDev
Monster,100,0.06922,0.00699997,0.498,0.00699997,0.498,0.0626941,,,,Monster,100,0.07282,0.00600004,0.294,0.00600004,0.294,0.0523768
Room,100,0.31092,0.0209999,1.556,0.0210004,1.556,0.191374,,,,Room,100,0.34583,0.0249996,4.953,0.0249996,4.953,0.486426
Projectile,100,0.00706001,0,0.0290003,0,0.0290003,0.00563886,,,,Projectile,100,0.00693999,0,0.0289998,0,0.0289998,0.00541261
Field,100,0.02116,0,0.0609999,0,0.0609999,0.0178761,,,,Field,100,0.02667,0,0.103,0,0.103,0.0244369
======================================,,,,,,,,,,,======================================,,,,,,,
========== RoomId : 0 MemoryPooling before BENCHMARK SUMMARY ==========,,,,,,,,,,,========== RoomId : 0 MemoryPooling After BENCHMARK SUMMARY ==========,,,,,,,
Name,Samples,Avg,Min,Max,p01,p99,StdDev,,,,Name,Samples,Avg,Min,Max,p01,p99,StdDev
Monster,100,0.03235,0.00600004,0.159,0.00699997,0.159,0.0190438,,,,Monster,100,0.03126,0.00700045,0.125,0.0079999,0.125,0.0187939
Room,100,0.30983,0.175,0.618,0.185,0.618,0.106598,,,,Room,100,0.30093,0.177,1.018,0.178,1.018,0.120227
Projectile,100,0.01387,0.00600004,0.182,0.00600004,0.182,0.0178357,,,,Projectile,100,0.00901998,0.00300026,0.0229998,0.00300026,0.0229998,0.00337037
Field,100,0.04113,0.0140004,0.0819998,0.0159998,0.0819998,0.0159102,,,,Field,100,0.0494599,0.026,0.139,0.0279999,0.139,0.0141219
======================================,,,,,,,,,,,======================================,,,,,,,
========== RoomId : 0 MemoryPooling before BENCHMARK SUMMARY ==========,,,,,,,,,,,========== RoomId : 0 MemoryPooling After BENCHMARK SUMMARY ==========,,,,,,,
Name,Samples,Avg,Min,Max,p01,p99,StdDev,,,,Name,Samples,Avg,Min,Max,p01,p99,StdDev
Monster,100,0.02999,0.00500011,0.066,0.00600004,0.066,0.0137044,,,,Monster,100,0.03295,0.0079999,0.222,0.0079999,0.222,0.0231808
Room,100,0.29695,0.175,0.965,0.177,0.965,0.114107,,,,Room,100,0.27535,0.166,0.66,0.169,0.66,0.0983756
Projectile,100,0.01419,0.00600004,0.0499997,0.0079999,0.0499997,0.00670028,,,,Projectile,100,0.01014,0.00199986,0.0240002,0.00199986,0.0240002,0.00370951
Field,100,0.02694,0.00999975,0.0669999,0.0120001,0.0669999,0.0088711,,,,Field,100,0.03233,0.0139999,0.0869999,0.0159998,0.0869999,0.0111661
======================================,,,,,,,,,,,======================================,,,,,,,
========== RoomId : 0 MemoryPooling before BENCHMARK SUMMARY ==========,,,,,,,,,,,========== RoomId : 0 MemoryPooling After BENCHMARK SUMMARY ==========,,,,,,,
Name,Samples,Avg,Min,Max,p01,p99,StdDev,,,,Name,Samples,Avg,Min,Max,p01,p99,StdDev
Monster,100,0.03311,0.0119996,0.105,0.013,0.105,0.0126301,,,,Monster,100,0.03249,0.0139999,0.086,0.0139999,0.086,0.0111378
Room,100,0.28823,0.162,0.677,0.164,0.677,0.100759,,,,Room,100,0.27086,0.162,0.632,0.165,0.632,0.0932251
Projectile,100,0.01281,0.00500011,0.0319996,0.00599957,0.0319996,0.00460799,,,,Projectile,100,0.00915003,0.00299978,0.0219998,0.00300026,0.0219998,0.00385065
Field,100,0.0203,0.00699997,0.0639997,0.0079999,0.0639997,0.00838512,,,,Field,100,0.0316,0.013,0.183,0.0139999,0.183,0.0188446
======================================,,,,,,,,,,,======================================,,,,,,,
,,,,,,,,,,,,,,,,,,
,,,,,,,,,,,,,,,,,,
========== RoomId : 0 200Room&20Player Before BENCHMARK SUMMARY ==========,,,,,,,,,,,========== RoomId : 0 200Room&25Player After BENCHMARK SUMMARY ==========,,,,,,,
Name,Samples,Avg,Min,Max,p01,p99,StdDev,,,,Name,Samples,Avg,Min,Max,p01,p99,StdDev
Monster,100,0.11109,0.00500011,2.368,0.00600004,2.368,0.265325,,,,Monster,100,0.06609,0.00500011,0.507,0.00600004,0.507,0.0808365
Room,100,1.28709,0.0190001,5.542,0.0610003,5.542,1.14803,,,,Room,100,1.19738,0.0479999,10.314,0.0510001,10.314,1.19776
Projectile,100,0.01218,0,0.0739999,0,0.0739999,0.0125079,,,,Projectile,100,0.0115,0,0.0749998,0,0.0749998,0.0121955
Field,100,0.14784,0,0.97,0,0.97,0.177049,,,,Field,100,0.20362,0,7.547,0,7.547,0.749839
======================================,,,,,,,,,,,======================================,,,,,,,
========== RoomId : 0 200Room&20Player Before BENCHMARK SUMMARY ==========,,,,,,,,,,,========== RoomId : 0 200Room&25Player After BENCHMARK SUMMARY ==========,,,,,,,
Name,Samples,Avg,Min,Max,p01,p99,StdDev,,,,Name,Samples,Avg,Min,Max,p01,p99,StdDev
Monster,100,0.04542,0.0120001,0.273,0.0140004,0.273,0.0439832,,,,Monster,100,0.02542,0.00600004,0.0779996,0.00600004,0.0779996,0.0163317
Room,100,2.03985,0.855,13.999,0.869,13.999,1.66594,,,,Room,100,1.70628,1.271,5.747,1.326,5.747,0.587458
Projectile,100,0.00968998,0.000999928,0.0449996,0.0010004,0.0449996,0.00786091,,,,Projectile,100,0.01096,0,0.052,0,0.052,0.00826912
Field,100,0.14219,0.0420003,0.881,0.0549998,0.881,0.115009,,,,Field,100,0.13633,0.0440001,0.302,0.0469999,0.302,0.0507417
======================================,,,,,,,,,,,======================================,,,,,,,
========== RoomId : 0 200Room&20Player Before BENCHMARK SUMMARY ==========,,,,,,,,,,,========== RoomId : 0 200Room&25Player After BENCHMARK SUMMARY ==========,,,,,,,
Name,Samples,Avg,Min,Max,p01,p99,StdDev,,,,Name,Samples,Avg,Min,Max,p01,p99,StdDev
Monster,100,0.02927,0.0079999,0.0710001,0.0110002,0.0710001,0.0122318,,,,Monster,100,0.02854,0.00699997,0.152,0.00699997,0.152,0.018716
Room,100,1.91617,0.79,13.032,1.307,13.032,1.55267,,,,Room,100,1.85894,0.802,5.067,0.893,5.067,0.710134
Projectile,100,0.00994998,0.000999928,0.04,0.00199986,0.04,0.00641306,,,,Projectile,100,0.00963002,0,0.0320001,0,0.0320001,0.006426
Field,100,0.07495,0.027,0.422,0.0349998,0.422,0.0431628,,,,Field,100,0.136,0.0519996,0.818,0.053,0.818,0.0944072
======================================,,,,,,,,,,,======================================,,,,,,,
========== RoomId : 0 200Room&20Player Before BENCHMARK SUMMARY ==========,,,,,,,,,,,========== RoomId : 0 200Room&25Player After BENCHMARK SUMMARY ==========,,,,,,,
Name,Samples,Avg,Min,Max,p01,p99,StdDev,,,,Name,Samples,Avg,Min,Max,p01,p99,StdDev
Monster,100,0.0317,0.00999975,0.168,0.0109997,0.168,0.0184057,,,,Monster,100,0.03202,0.0110002,0.125,0.0110002,0.125,0.0176969
Room,100,1.65147,1.309,4.07,1.321,4.07,0.425376,,,,Room,100,1.72282,0.729,5.619,0.776,5.619,0.584992
Projectile,100,0.00790001,0,0.0250001,0,0.0250001,0.00606221,,,,Projectile,100,0.00830999,0,0.0250001,0,0.0250001,0.00564395
Field,100,0.06267,0.0320001,0.27,0.0349998,0.27,0.0260661,,,,Field,100,0.09183,0.033,0.186,0.0359998,0.186,0.0409033
======================================,,,,,,,,,,,======================================,,,,,,,
========== RoomId : 0 200Room&20Player Before BENCHMARK SUMMARY ==========,,,,,,,,,,,========== RoomId : 0 200Room&25Player After BENCHMARK SUMMARY ==========,,,,,,,
Name,Samples,Avg,Min,Max,p01,p99,StdDev,,,,Name,Samples,Avg,Min,Max,p01,p99,StdDev
Monster,100,0.03501,0.0149999,0.154,0.0160003,0.154,0.0174347,,,,Monster,100,0.03195,0.00699997,0.129,0.0109997,0.129,0.015237
Room,100,1.79292,1.255,7.47,1.292,7.47,0.728426,,,,Room,100,1.77346,0.789,11.203,0.816,11.203,1.14154
Projectile,100,0.00794999,0,0.0320001,0,0.0320001,0.00599895,,,,Projectile,100,0.00914999,0,0.0679998,0,0.0679998,0.00868029
Field,100,0.07769,0.0239997,0.25,0.0320001,0.25,0.0323873,,,,Field,100,0.08615,0.052,0.206,0.0549998,0.206,0.0230861
======================================,,,,,,,,,,,======================================,,,,,,,
,,,,,,,,,,,,,,,,,,
========== RoomId : 0 1Room&1000Player Before, ObjectUpdate BENCHMARK SUMMARY ==========,,,,,,,,,,========== RoomId : 0 1Room&1000Player Before, ChunkUpdate BENCHMARK SUMMARY ==========,,,,,,
Name,Samples,Avg,Min,Max,p01,p99,StdDev,,1Room,,Name,Samples,Avg,Min,Max,p01,p99,StdDev
Update,100,0.77949,0.046,3.685,0.072,3.685,0.461482,,1000 dummy,,Update,100,0.79333,0.0190001,5.727,0.0209999,5.727,0.62443
Room,100,1.14585,0.0570002,4.308,0.26,4.308,0.548492,,600 monster,,Room,100,1.18255,0.033,6.539,0.185,6.539,0.813243
======================================,,,,,,,,,,,======================================,,,,,,,
========== RoomId : 0 1Room&1000Player Before, ObjectUpdate BENCHMARK SUMMARY ==========,,,,,,,,Object가 많을수록,,========== RoomId : 0 1Room&1000Player Before, ChunkUpdate BENCHMARK SUMMARY ==========,,,,,,
Name,Samples,Avg,Min,Max,p01,p99,StdDev,,빠르고 안정적,,Name,Samples,Avg,Min,Max,p01,p99,StdDev
Update,100,0.68064,0.501,1.33,0.518,1.33,0.105085,,,,Update,100,0.66986,0.487,1.231,0.488,1.231,0.132639
Room,100,1.14843,0.766,2.14,0.769,2.14,0.219855,,,,Room,100,1.09883,0.711,2.039,0.746,2.039,0.241931
======================================,,,,,,,,,,,======================================,,,,,,,
========== RoomId : 0 1Room&1000Player Before, ObjectUpdate BENCHMARK SUMMARY ==========,,,,,,,,,,========== RoomId : 0 1Room&1000Player Before, ChunkUpdate BENCHMARK SUMMARY ==========,,,,,,
Name,Samples,Avg,Min,Max,p01,p99,StdDev,,,,Name,Samples,Avg,Min,Max,p01,p99,StdDev
Update,100,0.60346,0.409,1.342,0.42,1.342,0.146255,,,,Update,100,0.58258,0.377,1.15,0.38,1.15,0.11722
Room,100,1.02332,0.674,1.886,0.678,1.886,0.244637,,,,Room,100,0.97058,0.595,1.686,0.605,1.686,0.194393
======================================,,,,,,,,,,,======================================,,,,,,,
========== RoomId : 0 1Room&1000Player Before, ObjectUpdate BENCHMARK SUMMARY ==========,,,,,,,,,,========== RoomId : 0 1Room&1000Player Before, ChunkUpdate BENCHMARK SUMMARY ==========,,,,,,
Name,Samples,Avg,Min,Max,p01,p99,StdDev,,,,Name,Samples,Avg,Min,Max,p01,p99,StdDev
Update,100,0.54863,0.383,0.761,0.396,0.761,0.0698683,,,,Update,100,0.52005,0.38,0.818,0.402,0.818,0.0708887
Room,100,0.94239,0.635,1.661,0.639,1.661,0.168642,,,,Room,100,0.89206,0.613,1.582,0.621,1.582,0.157072
======================================,,,,,,,,,,,======================================,,,,,,,
========== RoomId : 0 1Room&1000Player Before, ObjectUpdate BENCHMARK SUMMARY ==========,,,,,,,,,,========== RoomId : 0 1Room&1000Player Before, ChunkUpdate BENCHMARK SUMMARY ==========,,,,,,
Name,Samples,Avg,Min,Max,p01,p99,StdDev,,,,Name,Samples,Avg,Min,Max,p01,p99,StdDev
Update,100,0.55842,0.347,1.317,0.391,1.317,0.132954,,,,Update,100,0.50301,0.341,0.817,0.368,0.817,0.0760308
Room,100,0.96164,0.58,2.136,0.633,2.136,0.217393,,,,Room,100,0.8729,0.566,1.888,0.581,1.888,0.181939
======================================,,,,,,,,,,,======================================,,,,,,,
,,,,,,,,,,,,,,,,,,
,,,,,,,,,,,,,,,,,,
========== RoomId : 0 1000P+600M No Pooling No Chunk BENCHMARK SUMMARY ==========,,,,,,,,,,,========== RoomId : 0 1000P+600M No Pooling SendBuffer Chunk BENCHMARK SUMMARY ==========,,,,,,,
Name,Samples,Avg,Min,Max,p01,p99,StdDev,,,,Name,Samples,Avg,Min,Max,p01,p99,StdDev
I-Flush,100,0.08747,0,0.363,0.000999928,0.363,0.114909,,,,I-Flush,100,0.08709,0.000999928,0.304,0.000999928,0.304,0.106123
D-Flush,100,0.17889,0.00499964,0.394,0.00500011,0.394,0.081668,,,,D-Flush,100,0.18139,0.00699997,0.555,0.00699997,0.555,0.0900915
Update,100,0.72611,0.0489998,3.415,0.052,3.415,0.380467,,,,Update,100,0.73319,0.0469999,3.484,0.053,3.484,0.39519
Room,100,1.05838,0.0599999,3.67,0.0639997,3.67,0.455369,,,,Room,100,1.07293,0.0599999,4.063,0.0669999,4.063,0.49351
======================================,,,,,,,,,,,======================================,,,,,,,
========== RoomId : 0 1000P+600M No Pooling No Chunk BENCHMARK SUMMARY ==========,,,,,,,,,,,========== RoomId : 0 1000P+600M No Pooling SendBuffer Chunk BENCHMARK SUMMARY ==========,,,,,,,
Name,Samples,Avg,Min,Max,p01,p99,StdDev,,,,Name,Samples,Avg,Min,Max,p01,p99,StdDev
I-Flush,100,0.09781,0.000999928,0.494,0.000999928,0.494,0.12276,,,,I-Flush,100,0.08974,0.000999928,0.387,0.000999928,0.387,0.122943
D-Flush,100,0.23718,0.153,0.574,0.155,0.574,0.0664255,,,,D-Flush,100,0.2169,0.133,0.52,0.136,0.52,0.0595853
Update,100,0.67247,0.467,1.697,0.471,1.697,0.171413,,,,Update,100,0.64379,0.469,1.604,0.472,1.604,0.154598
Room,100,1.09873,0.749,2.481,0.753,2.481,0.290306,,,,Room,100,1.04287,0.701,2.465,0.729,2.465,0.287656
======================================,,,,,,,,,,,======================================,,,,,,,
========== RoomId : 0 1000P+600M No Pooling No Chunk BENCHMARK SUMMARY ==========,,,,,,,,,,,========== RoomId : 0 1000P+600M No Pooling SendBuffer Chunk BENCHMARK SUMMARY ==========,,,,,,,
Name,Samples,Avg,Min,Max,p01,p99,StdDev,,,,Name,Samples,Avg,Min,Max,p01,p99,StdDev
I-Flush,100,0.08906,0.000999928,0.317,0.000999928,0.317,0.123613,,,,I-Flush,100,0.10475,0.000999928,0.344,0.000999928,0.344,0.118192
D-Flush,100,0.2295,0.145,0.651,0.148,0.651,0.0689193,,,,D-Flush,100,0.2124,0.119,0.449,0.133,0.449,0.0586123
Update,100,0.59868,0.439,0.906,0.443,0.906,0.10073,,,,Update,100,0.55769,0.391,1.042,0.394,1.042,0.11999
Room,100,1.00499,0.694,1.568,0.698,1.568,0.208943,,,,Room,100,0.95991,0.657,1.855,0.661,1.855,0.235761
======================================,,,,,,,,,,,======================================,,,,,,,
========== RoomId : 0 1000P+600M No Pooling No Chunk BENCHMARK SUMMARY ==========,,,,,,,,,,,========== RoomId : 0 1000P+600M No Pooling SendBuffer Chunk BENCHMARK SUMMARY ==========,,,,,,,
Name,Samples,Avg,Min,Max,p01,p99,StdDev,,,,Name,Samples,Avg,Min,Max,p01,p99,StdDev
I-Flush,100,0.10232,0.000999928,0.616,0.000999928,0.616,0.1346,,,,I-Flush,100,0.08887,0,0.422,0.000999928,0.422,0.127699
D-Flush,100,0.20915,0.129,0.414,0.14,0.414,0.0472331,,,,D-Flush,100,0.20697,0.131,0.406,0.136,0.406,0.0503481
Update,100,0.5258,0.365,1.495,0.368,1.495,0.144054,,,,Update,100,0.54141,0.389,1.014,0.393,1.014,0.105902
Room,100,0.91806,0.592,2.558,0.611,2.558,0.265543,,,,Room,100,0.92559,0.623,1.656,0.624,1.656,0.235812
======================================,,,,,,,,,,,======================================,,,,,,,
========== RoomId : 0 1000P+600M No Pooling No Chunk BENCHMARK SUMMARY ==========,,,,,,,,,,,========== RoomId : 0 1000P+600M No Pooling SendBuffer Chunk BENCHMARK SUMMARY ==========,,,,,,,
Name,Samples,Avg,Min,Max,p01,p99,StdDev,,,,Name,Samples,Avg,Min,Max,p01,p99,StdDev
I-Flush,100,0.09565,0,0.91,0.000999928,0.91,0.150214,,,,I-Flush,100,0.08495,0.000999928,0.428,0.000999928,0.428,0.121404
D-Flush,100,0.2033,0.133,0.368,0.139,0.368,0.0403087,,,,D-Flush,100,0.19577,0.124,0.478,0.126,0.478,0.0515484
Update,100,0.53644,0.381,2.123,0.381,2.123,0.183825,,,,Update,100,0.52794,0.392,0.923,0.393,0.923,0.106955
Room,100,0.91874,0.622,3.376,0.628,3.376,0.317481,,,,Room,100,0.89011,0.603,1.916,0.614,1.916,0.214651
======================================,,,,,,,,,,,======================================,,,,,,,
,,,,,,,,,,,,,,,,,,
,,,,,,,,,,,,,,,,,,
========== RoomId : 0 5Room+1000P+600M No Pooling No Chunk BENCHMARK SUMMARY ==========,,,,,,,,,,,========== RoomId : 0 5Room+1000P+600M No Pooling SendBuffer Chunk BENCHMARK SUMMARY ==========,,,,,,,
Name,Samples,Avg,Min,Max,p01,p99,StdDev,,,,Name,Samples,Avg,Min,Max,p01,p99,StdDev
I-Flush,100,0.04524,0,0.423,0.000999928,0.423,0.059547,,,,I-Flush,100,0.04839,0,0.386,0,0.386,0.0637247
D-Flush,100,0.14359,0.00600004,0.577,0.00600004,0.577,0.0941505,,,,D-Flush,100,0.14436,0.00199986,0.784,0.00299978,0.784,0.10545
Update,100,0.67448,0.0599999,5.476,0.0910001,5.476,0.591935,,,,Update,100,0.68583,0.0509996,6.429,0.053,6.429,0.642523
Room,100,0.95165,0.0780001,6.107,0.103,6.107,0.664577,,,,Room,100,0.97046,0.0560002,6.853,0.059,6.853,0.697473
======================================,,,,,,,,,,,======================================,,,,,,,
========== RoomId : 0 5Room+1000P+600M No Pooling No Chunk BENCHMARK SUMMARY ==========,,,,,,,,,,,========== RoomId : 0 5Room+1000P+600M No Pooling SendBuffer Chunk BENCHMARK SUMMARY ==========,,,,,,,
Name,Samples,Avg,Min,Max,p01,p99,StdDev,,,,Name,Samples,Avg,Min,Max,p01,p99,StdDev
I-Flush,100,0.17763,0,8.459,0,8.459,0.837162,,,,I-Flush,100,0.20312,0.000999928,7.17,0.000999928,7.17,0.726744
D-Flush,100,0.29568,0.166,1.901,0.167,1.901,0.215283,,,,D-Flush,100,0.35253,0.172,7.301,0.175,7.301,0.724397
Update,100,0.86114,0.541,4.845,0.548,4.845,0.600452,,,,Update,100,1.23697,0.547,16.688,0.569,16.688,2.27676
Room,100,1.4489,0.773,9.673,0.864,9.673,1.06629,,,,Room,100,1.91393,0.88,17.278,0.913,17.278,2.50712
======================================,,,,,,,,,,,======================================,,,,,,,
========== RoomId : 0 5Room+1000P+600M No Pooling No Chunk BENCHMARK SUMMARY ==========,,,,,,,,,,,========== RoomId : 0 5Room+1000P+600M No Pooling SendBuffer Chunk BENCHMARK SUMMARY ==========,,,,,,,
Name,Samples,Avg,Min,Max,p01,p99,StdDev,,,,Name,Samples,Avg,Min,Max,p01,p99,StdDev
I-Flush,100,0.10599,0,0.662,0,0.662,0.12775,,,,I-Flush,100,0.07921,0,0.208,0,0.208,0.070871
D-Flush,100,0.4053,0.208,8.349,0.218,8.349,0.894833,,,,D-Flush,100,0.26664,0.191,0.695,0.197,0.695,0.0705112
Update,100,0.80105,0.549,5.192,0.567,5.192,0.520668,,,,Update,100,0.68203,0.505,1.889,0.512,1.889,0.162774
Room,100,1.41982,0.915,9.285,0.944,9.285,1.05925,,,,Room,100,1.13327,0.784,2.281,0.861,2.281,0.218013
======================================,,,,,,,,,,,======================================,,,,,,,
========== RoomId : 0 5Room+1000P+600M No Pooling No Chunk BENCHMARK SUMMARY ==========,,,,,,,,,,,========== RoomId : 0 5Room+1000P+600M No Pooling SendBuffer Chunk BENCHMARK SUMMARY ==========,,,,,,,
Name,Samples,Avg,Min,Max,p01,p99,StdDev,,,,Name,Samples,Avg,Min,Max,p01,p99,StdDev
I-Flush,100,0.27779,0,16.445,0,16.445,1.65957,,,,I-Flush,100,0.05585,0,0.334,0.000999928,0.334,0.083633
D-Flush,100,0.30012,0.221,1.041,0.224,1.041,0.107692,,,,D-Flush,100,1.43386,0.195,83.065,0.204,83.065,8.41712
Update,100,1.0988,0.547,11.656,0.548,11.656,1.68485,,,,Update,100,0.71968,0.487,5.066,0.503,5.066,0.484062
Room,100,1.7827,0.875,17.583,0.883,17.583,2.34585,,,,Room,100,2.39667,0.806,83.797,0.839,83.797,8.44188
======================================,,,,,,,,,,,======================================,,,,,,,
========== RoomId : 0 5Room+1000P+600M No Pooling No Chunk BENCHMARK SUMMARY ==========,,,,,,,,,,,========== RoomId : 0 5Room+1000P+600M No Pooling SendBuffer Chunk BENCHMARK SUMMARY ==========,,,,,,,
Name,Samples,Avg,Min,Max,p01,p99,StdDev,,,,Name,Samples,Avg,Min,Max,p01,p99,StdDev
I-Flush,100,0.09981,0,0.785,0.000999928,0.785,0.113443,,,,I-Flush,100,0.05309,0,0.541,0,0.541,0.0939453
D-Flush,100,0.37706,0.182,4.651,0.185,4.651,0.504453,,,,D-Flush,100,0.5628,0.168,13.638,0.182,13.638,1.82113
Update,100,0.7033,0.449,1.53,0.485,1.53,0.226452,,,,Update,100,0.72829,0.363,5.751,0.386,5.751,0.569487
Room,100,1.29025,0.852,5.253,0.854,5.253,0.592053,,,,Room,100,1.6075,0.623,16.915,0.624,16.915,2.49473
======================================,,,,,,,,,,,======================================,,,,,,,
========== RoomId : 0 5Room+1000P+600M No Pooling No Chunk BENCHMARK SUMMARY ==========,,,,,,,,,,,========== RoomId : 0 5Room+1000P+600M No Pooling SendBuffer Chunk BENCHMARK SUMMARY ==========,,,,,,,
Name,Samples,Avg,Min,Max,p01,p99,StdDev,,,,Name,Samples,Avg,Min,Max,p01,p99,StdDev
I-Flush,100,0.0621,0.000999928,2.34,0.000999928,2.34,0.24039,,,,I-Flush,100,0.00112999,0,0.00300026,0,0.00300026,0.000687822
D-Flush,100,1.78534,0.174,39.625,0.184,39.625,5.1943,,,,D-Flush,100,1.1285,0.165,21.136,0.177,21.136,3.62626
Update,100,1.13085,0.339,19.873,0.371,19.873,2.41507,,,,Update,100,1.51883,0.351,37.588,0.353,37.588,4.29483
Room,100,3.60811,0.634,46.732,0.654,46.732,6.90414,,,,Room,100,3.05506,0.582,39.396,0.623,39.396,6.21963
======================================,,,,,,,,,,,======================================,,,,,,,
,,,,,,,,,,,,,,,,,,
,,,,,,,,,,,,,,,,,,
========== RoomId : 0 200Room+20P+300M No Pooling No Chunk BENCHMARK SUMMARY ==========,,,,,,,,,,,========== RoomId : 0 200Room+20P+300M Y Pooling Y Chunk BENCHMARK SUMMARY ==========,,,,,,,
Name,Samples,Avg,Min,Max,p01,p99,StdDev,,,,Name,Samples,Avg,Min,Max,p01,p99,StdDev
I-Flush,100,0.00615001,0,0.163,0,0.163,0.0162987,,,,I-Flush,100,0.00640001,0,0.157,0,0.157,0.0170399
D-Flush,100,0.09626,0.00199986,1.406,0.00199986,1.406,0.164226,,,,D-Flush,100,0.07513,0.000999928,0.665,0.00199986,0.665,0.0962726
Update,100,0.41299,0.027,1.953,0.0279999,1.953,0.255062,,,,Update,100,0.38262,0.00899982,1.98,0.0749998,1.98,0.293596
Room,100,0.5576,0.033,2.129,0.0379996,2.129,0.345243,,,,Room,100,0.51867,0.013,3.049,0.085,3.049,0.409634
======================================,,,,,,,,,,,======================================,,,,,,,
========== RoomId : 0 200Room+20P+300M No Pooling No Chunk BENCHMARK SUMMARY ==========,,,,,,,,,,,========== RoomId : 0 200Room+20P+300M Y Pooling Y Chunk BENCHMARK SUMMARY ==========,,,,,,,
Name,Samples,Avg,Min,Max,p01,p99,StdDev,,,,Name,Samples,Avg,Min,Max,p01,p99,StdDev
I-Flush,100,0.02136,0.000999928,0.969,0.000999928,0.969,0.0954258,,,,I-Flush,100,0.0147,0.00599957,0.531,0.00600004,0.531,0.052092
D-Flush,100,0.27157,0.0969996,1.092,0.117,1.092,0.143966,,,,D-Flush,100,0.16052,0.0750003,0.505,0.0840001,0.505,0.0699097
Update,100,1.09263,0.484,2.418,0.497,2.418,0.468924,,,,Update,100,0.76858,0.376,1.822,0.376,1.822,0.299801
Room,100,1.47901,0.694,3.362,0.711,3.362,0.585696,,,,Room,100,1.04548,0.522,2.65,0.523,2.65,0.38257
======================================,,,,,,,,,,,======================================,,,,,,,
,,,,,,,,,,,========== RoomId : 0 200Room+20P+300M Y Pooling Y Chunk BENCHMARK SUMMARY ==========,,,,,,,
"프로세스 실행 후 4개의 더미, 각 더미는 1000 session 입장 후 random move 300ms interval send",,,,,,,,,,,Name,Samples,Avg,Min,Max,p01,p99,StdDev
총 서버는 200개 room,,,,,,,,,,,I-Flush,100,0.02654,0.00600004,0.969,0.00699997,0.969,0.103142
"room당 20 player , 300 monster AI",,,,,,,,,,,D-Flush,100,0.30022,0.147,1.104,0.171,1.104,0.13841
메모리 풀링과 SendBufferPooling,,,,,,,,,,,Update,100,1.48947,0.77,2.926,0.778,2.926,0.448271
LocalChunk 등을 하지 않은 결과,,,,,,,,,,,Room,100,1.94534,1.023,3.952,1.037,3.952,0.565279
프로세스 실행 약 1분 후 ,,,,,,,,,,,======================================,,,,,,,
호출 스택에서 ucrtbase.dll 위에 ntdll.dll이 여러 줄 쌓여 있다가 터짐,,,,,,,,,,,========== RoomId : 0 200Room+20P+300M Y Pooling Y Chunk BENCHMARK SUMMARY ==========,,,,,,,
힙 관리자가 망가진 메모리 지도를 고치려다 포기하고 자폭,,,,,,,,,,,Name,Samples,Avg,Min,Max,p01,p99,StdDev
,,,,,,,,,,,I-Flush,100,0.01822,0.00699997,0.523,0.00700045,0.523,0.0523997
실행시 Monster AI가 미친듯이 Projectile과 Field를 생성중,,,,,,,,,,,D-Flush,100,0.49204,0.247,2.144,0.256,2.144,0.272203
ChunkManager의 PopChunk가 끊임없이 이어지고 반납이 되는 중,,,,,,,,,,,Update,100,2.00043,1.246,3.297,1.3,3.297,0.452373
,,,,,,,,,,,Room,100,2.64924,1.681,4.637,1.688,4.637,0.585168
반면에 풀링과 Chunk를 한 경우는 2분이 경과해도 지속적으로 프로세스가 안정적으로 돌아감,,,,,,,,,,,======================================,,,,,,,
global manager에 raw ptr로 담는 push pop 같은 lock-free chunkmanager도 정상동작 함,,,,,,,,,,,,,,,,,,
결론,,,,,,,,,,,,,,,,,,
"고빈도 동적 할당 환경에서 Heap Fragmentation으로 인한 크래시를 재현하고,",,,,,,,,,,,,,,,,,,
Chunk 기반 Object Pooling과 Lock-free 구조를 통해 메모리 안정성과 성능을 동시에 확보,,,,,,,,,,,,,,,,,,
========== RoomId : 0 200Room+20P+300M Y Pooling Y Chunk BENCHMARK SUMMARY ==========
Name,Samples,Avg,Min,Max,p01,p99,StdDev
I-Flush,100,0.00423,0,0.038,0,0.038,0.00465802
D-Flush,100,0.08097,0.00199997,0.38,0.00199997,0.38,0.0541078
Update,100,0.662,0.009,2.166,0.01,2.166,0.379315
Room,100,0.9899,0.014,4.264,0.015,4.264,0.634619
======================================
========== RoomId : 0 200Room+20P+300M Y Pooling Y Chunk BENCHMARK SUMMARY ==========
Name,Samples,Avg,Min,Max,p01,p99,StdDev
I-Flush,100,0.00239,0,0.016,0,0.016,0.00271255
D-Flush,100,0.05299,0.000999987,0.415,0.000999987,0.415,0.0544341
Update,100,0.33592,0.013,2.251,0.069,2.251,0.275642
Room,100,0.40975,0.018,2.594,0.074,2.594,0.311078
======================================
========== RoomId : 0 200Room+20P+300M Y Pooling Y Chunk BENCHMARK SUMMARY ==========
Name,Samples,Avg,Min,Max,p01,p99,StdDev
I-Flush,100,0.0035,0,0.07,0,0.07,0.0077608
D-Flush,100,0.08331,0.04,0.472,0.043,0.472,0.0588066
Update,100,0.40673,0.265,1.327,0.272,1.327,0.141311
Room,100,0.54216,0.333,3.473,0.334,3.473,0.329344
======================================
========== RoomId : 0 200Room+20P+300M Y Pooling Y Chunk BENCHMARK SUMMARY ==========
Name,Samples,Avg,Min,Max,p01,p99,StdDev
I-Flush,100,0.00519,0,0.16,0,0.16,0.0160223
D-Flush,100,0.1009,0.054,0.504,0.062,0.504,0.0540471
Update,100,0.53959,0.356,1.405,0.359,1.405,0.140924
Room,100,0.67464,0.437,1.518,0.441,1.518,0.169283
======================================
========== RoomId : 0 200Room+20P+300M Y Pooling Y Chunk BENCHMARK SUMMARY ==========
Name,Samples,Avg,Min,Max,p01,p99,StdDev
I-Flush,100,0.02327,0,1.736,0,1.736,0.172928
D-Flush,100,0.16974,0.093,0.866,0.094,0.866,0.0961798
Update,100,0.87514,0.554,3.106,0.569,3.106,0.309527
Room,100,1.11503,0.674,3.949,0.703,3.949,0.443186
======================================
========== RoomId : 0 200Room+20P+300M Y Pooling Y Chunk BENCHMARK SUMMARY ==========
Name,Samples,Avg,Min,Max,p01,p99,StdDev
I-Flush,100,0.00231,0,0.021,0,0.021,0.00275933
D-Flush,100,0.05342,0.002,0.633,0.002,0.633,0.0697719
Update,100,0.34112,0.009,1.546,0.019,1.546,0.223953
Room,100,0.41913,0.019,1.775,0.025,1.775,0.260395
======================================
========== RoomId : 0 200Room+20P+300M Y Pooling Y Chunk BENCHMARK SUMMARY ==========
Name,Samples,Avg,Min,Max,p01,p99,StdDev
I-Flush,100,0.00386,0,0.058,0,0.058,0.00684985
D-Flush,100,0.08038,0.049,0.225,0.051,0.225,0.0298056
Update,100,0.40679,0.249,0.998,0.263,0.998,0.118996
Room,100,0.51607,0.312,1.143,0.338,1.143,0.136209
======================================
========== RoomId : 0 200Room+20P+300M Y Pooling Y Chunk BENCHMARK SUMMARY ==========
Name,Samples,Avg,Min,Max,p01,p99,StdDev
I-Flush,100,0.00859,0,0.353,0,0.353,0.0395502
D-Flush,100,0.09597,0.049,0.279,0.059,0.279,0.0389347
Update,100,0.52644,0.361,1.133,0.379,1.133,0.116766
Room,100,0.66254,0.425,1.272,0.464,1.272,0.153528
======================================
========== RoomId : 0 200Room+20P+300M Y Pooling Y Chunk BENCHMARK SUMMARY ==========
Name,Samples,Avg,Min,Max,p01,p99,StdDev
I-Flush,100,0.00279,0,0.033,0,0.033,0.00410438
D-Flush,100,0.04175,0.000999987,0.347,0.002,0.347,0.0368734
Update,100,0.31415,0.00999999,1.397,0.012,1.397,0.152881
Room,100,0.3748,0.015,1.752,0.016,1.752,0.185591
======================================
========== RoomId : 0 200Room+20P+300M Y Pooling Y Chunk BENCHMARK SUMMARY ==========
Name,Samples,Avg,Min,Max,p01,p99,StdDev
I-Flush,100,0.00328,0,0.038,0,0.038,0.00440245
D-Flush,100,0.06306,0.034,0.199,0.035,0.199,0.0230351
Update,100,0.35383,0.22,0.708,0.262,0.708,0.0717394
Room,100,0.44287,0.311,0.83,0.323,0.83,0.0916871
======================================
========== RoomId : 0 200Room+20P+300M Y Pooling Y Chunk BENCHMARK SUMMARY ==========
Name,Samples,Avg,Min,Max,p01,p99,StdDev
I-Flush,100,0.011,0,0.487,0,0.487,0.0618223
D-Flush,100,0.04083,0.00199997,0.505,0.00199997,0.505,0.0705226
Update,100,0.2862,0.02,1.859,0.053,1.859,0.214096
Room,100,0.35163,0.027,2.263,0.059,2.263,0.261904
======================================
========== RoomId : 0 200Room+20P+300M Y Pooling Y Chunk BENCHMARK SUMMARY ==========
Name,Samples,Avg,Min,Max,p01,p99,StdDev
I-Flush,100,0.00691,0,0.383,0,0.383,0.0384094
D-Flush,100,0.02965,0.015,0.073,0.016,0.073,0.0094619
Update,100,0.23264,0.124,0.557,0.141,0.557,0.0620394
Room,100,0.28557,0.148,0.651,0.171,0.651,0.0800921
======================================
========== RoomId : 0 200Room+20P+300M Y Pooling Y Chunk BENCHMARK SUMMARY ==========
Name,Samples,Avg,Min,Max,p01,p99,StdDev
I-Flush,100,0.00629,0,0.374,0,0.374,0.0370538
D-Flush,100,0.03542,0.017,0.211,0.018,0.211,0.0289469
Update,100,0.2233,0.158,0.423,0.167,0.423,0.046157
Room,100,0.2821,0.198,0.593,0.202,0.593,0.0679992
======================================
========== RoomId : 0 200Room+20P+300M Y Pooling Y Chunk BENCHMARK SUMMARY ==========
Name,Samples,Avg,Min,Max,p01,p99,StdDev
I-Flush,100,0.00405,0,0.135,0,0.135,0.0138249
D-Flush,100,0.03639,0.018,0.169,0.019,0.169,0.0190257
Update,100,0.23378,0.138,0.683,0.16,0.683,0.0613594
Room,100,0.29291,0.177,0.746,0.191,0.746,0.0753438
======================================
========== RoomId : 0 200Room+20P+300M Y Pooling Y Chunk BENCHMARK SUMMARY ==========
Name,Samples,Avg,Min,Max,p01,p99,StdDev
I-Flush,100,0.00366,0,0.021,0,0.021,0.00392739
D-Flush,100,0.04021,0.02,0.182,0.023,0.182,0.0218267
Update,100,0.22371,0.146,0.361,0.158,0.361,0.0368484
Room,100,0.28665,0.189,0.465,0.196,0.465,0.0551281
======================================
========== RoomId : 0 200Room+20P+300M Y Pooling Y Chunk BENCHMARK SUMMARY ==========
Name,Samples,Avg,Min,Max,p01,p99,StdDev
I-Flush,100,0.00938,0,0.599,0,0.599,0.0594143
D-Flush,100,0.0533,0.021,0.988,0.023,0.988,0.102182
Update,100,0.23519,0.158,0.497,0.163,0.497,0.0481356
Room,100,0.31725,0.2,1.187,0.201,1.187,0.126351
======================================
========== RoomId : 0 200Room+20P+300M Y Pooling Y Chunk BENCHMARK SUMMARY ==========
Name,Samples,Avg,Min,Max,p01,p99,StdDev
I-Flush,100,0.00572,0,0.208,0,0.208,0.0210789
D-Flush,100,0.04664,0.022,0.377,0.022,0.377,0.0420926
Update,100,0.2384,0.148,0.647,0.155,0.647,0.0697346
Room,100,0.31349,0.191,0.954,0.191,0.954,0.104425
======================================
========== RoomId : 0 200Room+20P+300M Y Pooling Y Chunk BENCHMARK SUMMARY ==========
Name,Samples,Avg,Min,Max,p01,p99,StdDev
I-Flush,100,0.00285,0,0.055,0,0.055,0.0058316
D-Flush,100,0.0408,0.019,0.138,0.024,0.138,0.0148135
Update,100,0.23835,0.161,1.013,0.164,1.013,0.0954048
Room,100,0.30435,0.196,1.155,0.206,1.155,0.112995
======================================
========== RoomId : 0 200Room+20P+300M Y Pooling Y Chunk BENCHMARK SUMMARY ==========
Name,Samples,Avg,Min,Max,p01,p99,StdDev
I-Flush,100,0.00859,0,0.556,0,0.556,0.0553888
D-Flush,100,0.05246,0.028,0.584,0.028,0.584,0.0608295
Update,100,0.23729,0.163,0.542,0.166,0.542,0.0563417
Room,100,0.31824,0.208,0.812,0.208,0.812,0.0976075
======================================
========== RoomId : 0 200Room+20P+300M Y Pooling Y Chunk BENCHMARK SUMMARY ==========
Name,Samples,Avg,Min,Max,p01,p99,StdDev
I-Flush,100,0.00777,0,0.35,0,0.35,0.0372083
D-Flush,100,0.07422,0.025,1.863,0.028,1.863,0.187963
Update,100,0.2357,0.153,1.236,0.161,1.236,0.112754
Room,100,0.3508,0.201,2.366,0.205,2.366,0.284383
======================================
========== RoomId : 0 200Room+20P+300M Y Pooling Y Chunk BENCHMARK SUMMARY ==========
Name,Samples,Avg,Min,Max,p01,p99,StdDev
I-Flush,100,0.00327,0,0.056,0,0.056,0.0066826
D-Flush,100,0.04661,0.000999987,0.405,0.002,0.405,0.0630847
Update,100,0.29579,0.011,1.731,0.011,1.731,0.213342
Room,100,0.36061,0.016,1.84,0.104,1.84,0.250321
======================================
========== RoomId : 0 200Room+20P+300M Y Pooling Y Chunk BENCHMARK SUMMARY ==========
Name,Samples,Avg,Min,Max,p01,p99,StdDev
I-Flush,100,0.01106,0,0.546,0,0.546,0.063599
D-Flush,100,0.03769,0.017,0.325,0.018,0.325,0.0328167
Update,100,0.25634,0.149,0.891,0.151,0.891,0.0943306
Room,100,0.32346,0.175,0.965,0.176,0.965,0.125632
======================================
========== RoomId : 0 200Room+20P+300M Y Pooling Y Chunk BENCHMARK SUMMARY ==========
Name,Samples,Avg,Min,Max,p01,p99,StdDev
I-Flush,100,0.00573,0,0.13,0,0.13,0.0149892
D-Flush,100,0.04696,0.02,0.534,0.021,0.534,0.0547341
Update,100,0.24817,0.161,0.56,0.167,0.56,0.0731374
Room,100,0.32022,0.19,0.809,0.2,0.809,0.106739
======================================
========== RoomId : 0 200Room+20P+300M Y Pooling Y Chunk BENCHMARK SUMMARY ==========
Name,Samples,Avg,Min,Max,p01,p99,StdDev
I-Flush,100,0.01151,0,0.306,0,0.306,0.0327913
D-Flush,100,0.06483,0.024,0.8,0.03,0.8,0.0818506
Update,100,0.30447,0.168,5.515,0.17,5.515,0.529804
Room,100,0.41095,0.209,5.807,0.221,5.807,0.557098
======================================
========== RoomId : 0 200Room+20P+300M Y Pooling Y Chunk BENCHMARK SUMMARY ==========
Name,Samples,Avg,Min,Max,p01,p99,StdDev
I-Flush,100,0.00815,0,0.057,0,0.057,0.00962016
D-Flush,100,0.05865,0.024,0.647,0.025,0.647,0.0656107
Update,100,0.25472,0.136,0.846,0.144,0.846,0.130322
Room,100,0.34969,0.179,1.065,0.186,1.065,0.174537
======================================
========== RoomId : 0 200Room+20P+300M Y Pooling Y Chunk BENCHMARK SUMMARY ==========
Name,Samples,Avg,Min,Max,p01,p99,StdDev
I-Flush,100,0.00823,0,0.04,0,0.04,0.00590907
D-Flush,100,0.07443,0.033,0.365,0.036,0.365,0.0569423
Update,100,0.26631,0.156,1.163,0.162,1.163,0.137127
Room,100,0.38691,0.218,1.439,0.222,1.439,0.193386
======================================
========== RoomId : 0 200Room+20P+300M Y Pooling Y Chunk BENCHMARK SUMMARY ==========
Name,Samples,Avg,Min,Max,p01,p99,StdDev
I-Flush,100,0.01097,0,0.191,0.000999987,0.191,0.0208612
D-Flush,100,0.05398,0.027,0.173,0.032,0.173,0.0196265
Update,100,0.22841,0.142,0.707,0.157,0.707,0.0782752
Room,100,0.3236,0.186,1.009,0.21,1.009,0.105983
======================================
========== RoomId : 0 200Room+20P+300M Y Pooling Y Chunk BENCHMARK SUMMARY ==========
Name,Samples,Avg,Min,Max,p01,p99,StdDev
I-Flush,100,0.00916,0,0.179,0.000999987,0.179,0.0174331
D-Flush,100,0.06217,0.034,0.39,0.035,0.39,0.0422862
Update,100,0.23966,0.147,0.792,0.159,0.792,0.105791
Room,100,0.3428,0.206,1.167,0.21,1.167,0.146677
======================================
========== RoomId : 0 200Room+20P+300M Y Pooling Y Chunk BENCHMARK SUMMARY ==========
Name,Samples,Avg,Min,Max,p01,p99,StdDev
I-Flush,100,0.00764,0,0.076,0.000999987,0.076,0.00754257
D-Flush,100,0.05679,0.031,0.198,0.032,0.198,0.0211855
Update,100,0.21914,0.127,0.689,0.14,0.689,0.0748246
Room,100,0.31325,0.174,0.816,0.198,0.816,0.0965809
======================================
========== RoomId : 0 200Room+20P+300M Y Pooling Y Chunk BENCHMARK SUMMARY ==========
Name,Samples,Avg,Min,Max,p01,p99,StdDev
I-Flush,100,0.0148,0,0.282,0.000999987,0.282,0.0341833
D-Flush,100,0.06191,0.031,0.357,0.033,0.357,0.0361564
Update,100,0.2409,0.141,0.764,0.145,0.764,0.118877
Room,100,0.35259,0.193,1.248,0.203,1.248,0.174032
======================================
========== RoomId : 0 200Room+20P+300M Y Pooling Y Chunk BENCHMARK SUMMARY ==========
Name,Samples,Avg,Min,Max,p01,p99,StdDev
I-Flush,100,0.00709,0,0.043,0,0.043,0.00538534
D-Flush,100,0.0656,0.036,0.317,0.036,0.317,0.0366958
Update,100,0.24784,0.167,0.76,0.172,0.76,0.094991
Room,100,0.34831,0.226,0.867,0.237,0.867,0.113977
======================================
========== RoomId : 0 200Room+20P+300M Y Pooling Y Chunk BENCHMARK SUMMARY ==========
Name,Samples,Avg,Min,Max,p01,p99,StdDev
I-Flush,100,0.00702,0,0.016,0,0.016,0.00284949
D-Flush,100,0.06375,0.033,0.327,0.042,0.327,0.0312322
Update,100,0.22852,0.161,0.786,0.163,0.786,0.0878342
Room,100,0.33161,0.223,1.013,0.225,1.013,0.11599
======================================
========== RoomId : 0 200Room+20P+300M Y Pooling Y Chunk BENCHMARK SUMMARY ==========
Name,Samples,Avg,Min,Max,p01,p99,StdDev
I-Flush,100,0.00811,0,0.023,0.000999987,0.023,0.00371993
D-Flush,100,0.06466,0.038,0.302,0.039,0.302,0.0326632
Update,100,0.2525,0.129,1.217,0.148,1.217,0.156852
Room,100,0.35943,0.189,1.36,0.209,1.36,0.178234
======================================
========== RoomId : 0 200Room+20P+300M Y Pooling Y Chunk BENCHMARK SUMMARY ==========
Name,Samples,Avg,Min,Max,p01,p99,StdDev
I-Flush,100,0.01588,0,0.696,0,0.696,0.0692263
D-Flush,100,0.05971,0.031,0.445,0.031,0.445,0.0411525
Update,100,0.2445,0.142,0.919,0.158,0.919,0.12654
Room,100,0.35415,0.194,1.396,0.208,1.396,0.173572
======================================
========== RoomId : 0 200Room+20P+300M Y Pooling Y Chunk BENCHMARK SUMMARY ==========
Name,Samples,Avg,Min,Max,p01,p99,StdDev
I-Flush,100,0.0069,0,0.041,0,0.041,0.0060918
D-Flush,100,0.06493,0.036,0.254,0.036,0.254,0.0374965
Update,100,0.2549,0.14,0.991,0.149,0.991,0.139882
Room,100,0.36099,0.196,1.081,0.218,1.081,0.159094
======================================
========== RoomId : 0 200Room+20P+300M Y Pooling Y Chunk BENCHMARK SUMMARY ==========
Name,Samples,Avg,Min,Max,p01,p99,StdDev
I-Flush,100,0.01602,0,0.329,0.000999987,0.329,0.0386114
D-Flush,100,0.06491,0.042,0.244,0.042,0.244,0.025911
Update,100,0.25692,0.156,0.839,0.158,0.839,0.113159
Room,100,0.37133,0.221,1.026,0.237,1.026,0.140042
======================================
========== RoomId : 0 200Room+20P+300M Y Pooling Y Chunk BENCHMARK SUMMARY ==========
Name,Samples,Avg,Min,Max,p01,p99,StdDev
I-Flush,100,0.00764,0,0.09,0.000999987,0.09,0.00897499
D-Flush,100,0.05749,0.037,0.124,0.037,0.124,0.0155502
Update,100,0.24296,0.151,0.896,0.152,0.896,0.112702
Room,100,0.34128,0.213,1.033,0.216,1.033,0.126851
======================================
========== RoomId : 0 200Room+20P+300M Y Pooling Y Chunk BENCHMARK SUMMARY ==========
Name,Samples,Avg,Min,Max,p01,p99,StdDev
I-Flush,100,0.01578,0,0.545,0,0.545,0.0579504
D-Flush,100,0.05456,0.027,0.178,0.034,0.178,0.018266
Update,100,0.28173,0.18,0.805,0.183,0.805,0.115071
Room,100,0.38562,0.252,1.179,0.254,1.179,0.15904
======================================
========== RoomId : 0 200Room+20P+300M Y Pooling Y Chunk BENCHMARK SUMMARY ==========
Name,Samples,Avg,Min,Max,p01,p99,StdDev
I-Flush,100,0.00673,0,0.046,0,0.046,0.00516111
D-Flush,100,0.05572,0.026,0.2,0.029,0.2,0.0250628
Update,100,0.26433,0.144,0.956,0.17,0.956,0.132094
Room,100,0.35476,0.188,1.117,0.233,1.117,0.153476
======================================
========== RoomId : 0 200Room+20P+300M Y Pooling Y Chunk BENCHMARK SUMMARY ==========
Name,Samples,Avg,Min,Max,p01,p99,StdDev
I-Flush,100,0.01058,0,0.276,0.000999987,0.276,0.0284648
D-Flush,100,0.0539,0.031,0.14,0.033,0.14,0.0155849
Update,100,0.25099,0.148,0.637,0.158,0.637,0.0833523
Room,100,0.34386,0.192,0.723,0.214,0.723,0.10246
======================================
========== RoomId : 0 200Room+20P+300M Y Pooling Y Chunk BENCHMARK SUMMARY ==========
Name,Samples,Avg,Min,Max,p01,p99,StdDev
I-Flush,100,0.01352,0,0.47,0.000999987,0.47,0.0468556
D-Flush,100,0.04932,0.026,0.105,0.03,0.105,0.0130942
Update,100,0.24246,0.147,0.817,0.164,0.817,0.0956919
Room,100,0.33388,0.195,0.912,0.217,0.912,0.117944
======================================
========== RoomId : 0 200Room+20P+300M Y Pooling Y Chunk BENCHMARK SUMMARY ==========
Name,Samples,Avg,Min,Max,p01,p99,StdDev
I-Flush,100,0.01087,0,0.151,0,0.151,0.0200846
D-Flush,100,0.0648,0.029,0.431,0.031,0.431,0.045437
Update,100,0.30156,0.151,1.267,0.155,1.267,0.148988
Room,100,0.40583,0.21,1.347,0.213,1.347,0.173522
======================================
========== RoomId : 0 200Room+20P+300M Y Pooling Y Chunk BENCHMARK SUMMARY ==========
Name,Samples,Avg,Min,Max,p01,p99,StdDev
I-Flush,100,0.01511,0,0.66,0.000999987,0.66,0.0658285
D-Flush,100,0.05055,0.022,0.231,0.023,0.231,0.0242958
Update,100,0.2658,0.162,0.716,0.165,0.716,0.09968
Room,100,0.35389,0.202,1.002,0.218,1.002,0.135662
======================================
========== RoomId : 0 200Room+20P+300M Y Pooling Y Chunk BENCHMARK SUMMARY ==========
Name,Samples,Avg,Min,Max,p01,p99,StdDev
I-Flush,100,0.01121,0,0.259,0.000999987,0.259,0.0292555
D-Flush,100,0.0445,0.022,0.4,0.022,0.4,0.0417304
Update,100,0.27746,0.128,1.451,0.149,1.451,0.159585
Room,100,0.35547,0.17,1.555,0.185,1.555,0.184958
======================================
========== RoomId : 0 200Room+20P+300M Y Pooling Y Chunk BENCHMARK SUMMARY ==========
Name,Samples,Avg,Min,Max,p01,p99,StdDev
I-Flush,100,0.00894,0,0.142,0,0.142,0.0163143
D-Flush,100,0.03881,0.016,0.133,0.018,0.133,0.0178195
Update,100,0.26399,0.149,0.823,0.155,0.823,0.110019
Room,100,0.33209,0.187,0.996,0.194,0.996,0.135114
======================================
========== RoomId : 0 200Room+20P+300M Y Pooling Y Chunk BENCHMARK SUMMARY ==========
Name,Samples,Avg,Min,Max,p01,p99,StdDev
I-Flush,100,0.00899,0,0.152,0,0.152,0.0201908
D-Flush,100,0.04629,0.015,0.462,0.02,0.462,0.0474846
Update,100,0.27942,0.141,1.535,0.148,1.535,0.191069
Room,100,0.35571,0.188,1.637,0.2,1.637,0.211494
======================================
========== RoomId : 0 200Room+20P+300M Y Pooling Y Chunk BENCHMARK SUMMARY ==========
Name,Samples,Avg,Min,Max,p01,p99,StdDev
I-Flush,100,0.01119,0.000999987,0.246,0.000999987,0.246,0.0284393
D-Flush,100,0.03428,0.019,0.077,0.019,0.077,0.0108213
Update,100,0.23077,0.133,0.521,0.147,0.521,0.0550122
Room,100,0.29685,0.165,0.596,0.182,0.596,0.0714398
======================================
========== RoomId : 0 200Room+20P+300M Y Pooling Y Chunk BENCHMARK SUMMARY ==========
Name,Samples,Avg,Min,Max,p01,p99,StdDev
I-Flush,100,0.00802,0,0.148,0.000999987,0.148,0.01498
D-Flush,100,0.0422,0.017,0.506,0.018,0.506,0.0490651
Update,100,0.25535,0.132,0.653,0.136,0.653,0.0902936
Room,100,0.32831,0.165,0.734,0.166,0.734,0.120137
======================================
========== RoomId : 0 200Room+20P+300M Y Pooling Y Chunk BENCHMARK SUMMARY ==========
Name,Samples,Avg,Min,Max,p01,p99,StdDev
I-Flush,100,0.00682,0,0.147,0,0.147,0.014592
D-Flush,100,0.04008,0.017,0.089,0.021,0.089,0.0121175
Update,100,0.28364,0.136,0.872,0.166,0.872,0.112998
Room,100,0.35227,0.176,0.91,0.207,0.91,0.126302
======================================
========== RoomId : 0 200Room+20P+300M Y Pooling Y Chunk BENCHMARK SUMMARY ==========
Name,Samples,Avg,Min,Max,p01,p99,StdDev
I-Flush,100,0.0066,0,0.085,0,0.085,0.00992774
D-Flush,100,0.03626,0.013,0.121,0.016,0.121,0.0164345
Update,100,0.2279,0.134,0.397,0.148,0.397,0.0480709
Room,100,0.2906,0.161,0.498,0.178,0.498,0.0645396
======================================
========== RoomId : 0 200Room+20P+300M Y Pooling Y Chunk BENCHMARK SUMMARY ==========
Name,Samples,Avg,Min,Max,p01,p99,StdDev
I-Flush,100,0.00701,0,0.17,0,0.17,0.0177451
D-Flush,100,0.04339,0.015,0.843,0.017,0.843,0.0833705
Update,100,0.24065,0.143,0.438,0.157,0.438,0.0597445
Room,100,0.31019,0.173,1.111,0.192,1.111,0.112361
======================================
========== RoomId : 0 200Room+20P+300M Y Pooling Y Chunk BENCHMARK SUMMARY ==========
Name,Samples,Avg,Min,Max,p01,p99,StdDev
I-Flush,100,0.0109,0,0.261,0,0.261,0.0293951
D-Flush,100,0.03897,0.017,0.213,0.017,0.213,0.0263623
Update,100,0.23461,0.141,0.524,0.147,0.524,0.0604142
Room,100,0.30402,0.173,0.655,0.179,0.655,0.0832873
======================================
========== RoomId : 0 200Room+20P+300M Y Pooling Y Chunk BENCHMARK SUMMARY ==========
Name,Samples,Avg,Min,Max,p01,p99,StdDev
I-Flush,100,0.00648,0,0.064,0,0.064,0.00902716
D-Flush,100,0.03101,0.017,0.095,0.018,0.095,0.0105598
Update,100,0.22047,0.138,0.5,0.144,0.5,0.0617805
Room,100,0.27788,0.176,0.602,0.176,0.602,0.0738419
======================================
========== RoomId : 0 200Room+20P+300M Y Pooling Y Chunk BENCHMARK SUMMARY ==========
Name,Samples,Avg,Min,Max,p01,p99,StdDev
I-Flush,100,0.00455,0,0.028,0,0.028,0.00427405
D-Flush,100,0.03462,0.018,0.136,0.019,0.136,0.0143372
Update,100,0.25163,0.168,0.884,0.17,0.884,0.0896363
Room,100,0.31238,0.203,0.918,0.21,0.918,0.0958839
======================================
========== RoomId : 0 200Room+20P+300M Y Pooling Y Chunk BENCHMARK SUMMARY ==========
Name,Samples,Avg,Min,Max,p01,p99,StdDev
I-Flush,100,0.00482,0,0.07,0,0.07,0.00889312
D-Flush,100,0.0202,0.00799999,0.232,0.00899997,0.232,0.0236533
Update,100,0.2706,0.188,0.451,0.196,0.451,0.0462437
Room,100,0.30411,0.209,0.506,0.211,0.506,0.05681
======================================
========== RoomId : 0 200Room+20P+300M Y Pooling Y Chunk BENCHMARK SUMMARY ==========
Name,Samples,Avg,Min,Max,p01,p99,StdDev
I-Flush,100,0.00652,0,0.062,0,0.062,0.00773496
D-Flush,100,0.02236,0.00599998,0.301,0.007,0.301,0.0316153
Update,100,0.27687,0.175,0.521,0.187,0.521,0.0617477
Room,100,0.31599,0.212,0.63,0.214,0.63,0.076704
======================================
========== RoomId : 0 200Room+20P+300M Y Pooling Y Chunk BENCHMARK SUMMARY ==========
Name,Samples,Avg,Min,Max,p01,p99,StdDev
I-Flush,100,0.0147,0,0.539,0,0.539,0.0668213
D-Flush,100,0.02479,0.00799999,0.272,0.009,0.272,0.031061
Update,100,0.27291,0.162,0.517,0.174,0.517,0.0660197
Room,100,0.3233,0.185,0.808,0.193,0.808,0.101609
======================================
========== RoomId : 0 200Room+20P+300M Y Pooling Y Chunk BENCHMARK SUMMARY ==========
Name,Samples,Avg,Min,Max,p01,p99,StdDev
I-Flush,100,0.00473,0,0.024,0,0.024,0.00404439
D-Flush,100,0.02334,0.009,0.18,0.00999999,0.18,0.0185457
Update,100,0.26828,0.181,0.591,0.191,0.591,0.0662316
Room,100,0.3078,0.213,0.711,0.219,0.711,0.0785127
======================================
========== RoomId : 0 200Room+20P+300M Y Pooling Y Chunk BENCHMARK SUMMARY ==========
Name,Samples,Avg,Min,Max,p01,p99,StdDev
I-Flush,100,0.01279,0,0.568,0,0.568,0.0601334
D-Flush,100,0.0317,0.011,0.165,0.012,0.165,0.0197086
Update,100,0.26522,0.189,0.43,0.19,0.43,0.048945
Room,100,0.32352,0.217,0.954,0.222,0.954,0.089889
======================================
========== RoomId : 0 200Room+20P+300M Y Pooling Y Chunk BENCHMARK SUMMARY ==========
Name,Samples,Avg,Min,Max,p01,p99,StdDev
I-Flush,100,0.00587,0,0.162,0,0.162,0.016415
D-Flush,100,0.04394,0.021,0.494,0.022,0.494,0.0476718
Update,100,0.2196,0.143,0.565,0.156,0.565,0.0586588
Room,100,0.2907,0.177,0.71,0.193,0.71,0.0893867
======================================
========== RoomId : 0 200Room+20P+300M Y Pooling Y Chunk BENCHMARK SUMMARY ==========
Name,Samples,Avg,Min,Max,p01,p99,StdDev
I-Flush,100,0.00559,0,0.06,0,0.06,0.00762377
D-Flush,100,0.04884,0.024,0.352,0.028,0.352,0.0330656
Update,100,0.21152,0.128,0.397,0.128,0.397,0.0501333
Room,100,0.29274,0.161,0.832,0.173,0.832,0.085792
======================================
========== RoomId : 0 200Room+20P+300M Y Pooling Y Chunk BENCHMARK SUMMARY ==========
Name,Samples,Avg,Min,Max,p01,p99,StdDev
I-Flush,100,0.0077,0,0.201,0,0.201,0.0207338
D-Flush,100,0.05907,0.014,0.882,0.019,0.882,0.118941
Update,100,0.22563,0.131,0.846,0.133,0.846,0.0917481
Room,100,0.31683,0.176,1.1,0.185,1.1,0.147984
======================================
========== RoomId : 0 200Room+20P+300M Y Pooling Y Chunk BENCHMARK SUMMARY ==========
Name,Samples,Avg,Min,Max,p01,p99,StdDev
I-Flush,100,0.00509,0,0.051,0,0.051,0.00728161
D-Flush,100,0.03509,0.013,0.256,0.015,0.256,0.0362872
Update,100,0.25481,0.132,0.561,0.175,0.561,0.058518
Room,100,0.31048,0.158,0.6,0.206,0.6,0.0708109
======================================
========== RoomId : 0 200Room+20P+300M Y Pooling Y Chunk BENCHMARK SUMMARY ==========
Name,Samples,Avg,Min,Max,p01,p99,StdDev
I-Flush,100,0.00311,0,0.036,0,0.036,0.00444499
D-Flush,100,0.02076,0.007,0.204,0.00799999,0.204,0.0221924
Update,100,0.25727,0.153,0.494,0.164,0.494,0.0584209
Room,100,0.29178,0.171,0.631,0.182,0.631,0.0692239
======================================
========== RoomId : 0 200Room+20P+300M Y Pooling Y Chunk BENCHMARK SUMMARY ==========
Name,Samples,Avg,Min,Max,p01,p99,StdDev
I-Flush,100,0.01282,0,0.496,0,0.496,0.0636414
D-Flush,100,0.01783,0.00700003,0.15,0.00800002,0.15,0.014359
Update,100,0.25518,0.164,0.514,0.169,0.514,0.0600129
Room,100,0.29667,0.176,0.762,0.191,0.762,0.0883811
======================================
========== RoomId : 0 200Room+20P+300M Y Pooling Y Chunk BENCHMARK SUMMARY ==========
Name,Samples,Avg,Min,Max,p01,p99,StdDev
I-Flush,100,0.00291,0,0.064,0,0.064,0.00654079
D-Flush,100,0.02102,0.009,0.054,0.011,0.054,0.00655436
Update,100,0.26543,0.175,0.664,0.18,0.664,0.0629542
Room,100,0.30209,0.191,0.686,0.203,0.686,0.0678435
======================================
========== RoomId : 0 200Room+20P+300M Y Pooling Y Chunk BENCHMARK SUMMARY ==========
Name,Samples,Avg,Min,Max,p01,p99,StdDev
I-Flush,100,0.00465,0,0.241,0,0.241,0.0239041
D-Flush,100,0.0239,0.011,0.206,0.011,0.206,0.0210815
Update,100,0.25462,0.157,0.859,0.161,0.859,0.0775908
Room,100,0.29905,0.179,0.934,0.18,0.934,0.094487
======================================
========== RoomId : 0 200Room+20P+300M Y Pooling Y Chunk BENCHMARK SUMMARY ==========
Name,Samples,Avg,Min,Max,p01,p99,StdDev
I-Flush,100,0.00239,0,0.029,0,0.029,0.00359136
D-Flush,100,0.0149,0.00199997,0.101,0.002,0.101,0.0134078
Update,100,0.26634,0.159,0.723,0.187,0.723,0.0787957
Room,100,0.29126,0.174,0.733,0.2,0.733,0.0822042
======================================
========== RoomId : 0 200Room+20P+300M Y Pooling Y Chunk BENCHMARK SUMMARY ==========
Name,Samples,Avg,Min,Max,p01,p99,StdDev
I-Flush,100,0.00452,0,0.135,0,0.135,0.0154651
D-Flush,100,0.00908,0.00199997,0.215,0.00199997,0.215,0.0220335
Update,100,0.26326,0.171,0.477,0.175,0.477,0.0543904
Room,100,0.2799,0.178,0.499,0.181,0.499,0.06211
======================================
========== RoomId : 0 200Room+20P+300M Y Pooling Y Chunk BENCHMARK SUMMARY ==========
Name,Samples,Avg,Min,Max,p01,p99,StdDev
I-Flush,100,0.00647,0,0.291,0,0.291,0.0307621
D-Flush,100,0.0124,0.00199997,0.25,0.002,0.25,0.0359308
Update,100,0.26771,0.169,1.315,0.169,1.315,0.123049
Room,100,0.28955,0.174,1.332,0.179,1.332,0.138735
======================================
========== RoomId : 0 200Room+20P+300M Y Pooling Y Chunk BENCHMARK SUMMARY ==========
Name,Samples,Avg,Min,Max,p01,p99,StdDev
I-Flush,100,0.0061,0,0.214,0,0.214,0.0235934
D-Flush,100,0.01953,0.00299999,0.624,0.00299999,0.624,0.0662023
Update,100,0.26188,0.164,0.411,0.199,0.411,0.0385726
Room,100,0.29269,0.175,0.885,0.205,0.885,0.0819457
======================================
========== RoomId : 0 200Room+20P+300M Y Pooling Y Chunk BENCHMARK SUMMARY ==========
Name,Samples,Avg,Min,Max,p01,p99,StdDev
I-Flush,100,0.00257,0,0.036,0,0.036,0.00485233
D-Flush,100,0.01461,0.00299999,0.269,0.00299999,0.269,0.0332671
Update,100,0.26009,0.178,0.493,0.183,0.493,0.0466305
Room,100,0.28093,0.191,0.55,0.192,0.55,0.0584803
======================================
